{
  "$schema": "https://openapi.vercel.sh/vercel.json",
  "version": 2,
  "framework": "vite",
  "installCommand": "npm install",
  "buildCommand": "npm run build",
  "outputDirectory": "dist",

  "cleanUrls": true,
  "trailingSlash": false,

  // Single-Page-App-Fallback (Vite/React Router etc.)
  "rewrites": [
    { "source": "/(.*)", "destination": "/index.html" }
  ],

  // Lange Cache-Header für gebaute Assets
  "headers": [
    {
      "source": "/assets/(.*)",
      "headers": [
        { "key": "Cache-Control", "value": "public, max-age=31536000, immutable" }
      ]
    }
  ]
}
